{"cameraMode":{"drawMode":0,"name":"Shaded","section":"Shading Mode"},"sceneLighting":true,"audioPlay":false,"sceneViewState":{"m_AlwaysRefresh":false,"showFog":true,"showSkybox":true,"showFlares":true,"showImageEffects":true,"showParticleSystems":true,"showVisualEffectGraphs":true,"m_FxEnabled":true},"in2DMode":false,"pivot":{"x":-1.291412115097046,"y":-0.21674276888370515,"z":16.919673919677736},"rotation":{"x":-0.06476392596960068,"y":-0.0009008353808894753,"z":0.000060689377278322354,"w":-0.9979078769683838},"size":15.55863094329834,"orthographic":false}