{"cameraMode":{"drawMode":0,"name":"Shaded","section":"Shading Mode"},"sceneLighting":true,"audioPlay":false,"sceneViewState":{"m_AlwaysRefresh":false,"showFog":true,"showSkybox":true,"showFlares":true,"showImageEffects":true,"showParticleSystems":true,"showVisualEffectGraphs":true,"m_FxEnabled":true},"in2DMode":false,"pivot":{"x":348.6976623535156,"y":238.59344482421876,"z":247.0990753173828},"rotation":{"x":0.09315579384565354,"y":0.01972300000488758,"z":-0.0018471626099199057,"w":0.9954622387886047},"size":450.98651123046877,"orthographic":false}