{"cameraMode":{"drawMode":0,"name":"Shaded","section":"Shading Mode"},"sceneLighting":true,"audioPlay":false,"sceneViewState":{"m_AlwaysRefresh":false,"showFog":true,"showSkybox":true,"showFlares":true,"showImageEffects":true,"showParticleSystems":true,"showVisualEffectGraphs":true,"m_FxEnabled":true},"in2DMode":false,"pivot":{"x":-1.156805396080017,"y":-2.2430472373962404,"z":16.563247680664064},"rotation":{"x":-0.09763621538877487,"y":-0.018811330199241639,"z":0.0018480453873053194,"w":-0.9950504302978516},"size":15.191534996032715,"orthographic":false}